dieta,custo_total,quantidade_itens,itens_com_nutrientes,itens_sem_nutrientes,energia_kcal_total,proteina_g_total,carboidrato_g_total,lipideos_g_total,fibra_alimentar_g_total,calcio_mg_total,ferro_mg_total,sodio_mg_total,energia_kcal_razao,energia_kcal_adequacao,proteina_g_razao,proteina_g_adequacao,carboidrato_g_razao,carboidrato_g_adequacao,lipideos_g_razao,lipideos_g_adequacao,fibra_alimentar_g_razao,fibra_alimentar_g_adequacao,calcio_mg_razao,calcio_mg_adequacao,ferro_mg_razao,ferro_mg_adequacao,sodio_mg_razao_limite,sodio_mg_score,score_adequacao,score_limites,cobertura_dados,score_nutricional,score_por_real,score_por_100_reais
cetogenica,414.75,21,18,3,15036.9,638.4399999999999,473.56,1205.34,329.73,4778.6,71.37,4380.0,7.51845,1.0,12.768799999999999,1.0,3.6427692307692308,1.0,17.219142857142856,1.0,13.189200000000001,1.0,4.7786,1.0,5.097857142857143,1.0,2.19,0.45662100456621,1.0,0.45662100456621,0.8571428571428571,0.3913894324853229,0.0009436755454739551,0.09436755454739551
vegana,331.0,27,18,9,22072.300000000003,756.68,2784.1200000000003,968.12,620.29,4592.2,172.88999999999996,25498.2,11.036150000000001,1.0,15.1336,1.0,21.416307692307694,1.0,13.830285714285715,1.0,24.8116,1.0,4.5922,1.0,12.349285714285712,1.0,12.7491,0.07843690927202704,1.0,0.07843690927202704,0.6666666666666666,0.052291272848018024,0.00015797967627800008,0.01579796762780001
mcdonalds,121.8,8,4,4,628.4,8.85,104.77,22.32,13.77,16.7,0.6799999999999999,38.9,0.3142,0.3142,0.177,0.177,0.8059230769230769,0.8059230769230769,0.31885714285714284,0.31885714285714284,0.5508,0.5508,0.0167,0.0167,0.048571428571428564,0.048571428571428564,0.01945,1.0,0.31886452119309266,1.0,0.5,0.15943226059654633,0.0013089676567860948,0.13089676567860947
controle,287.95,27,27,0,33931.22,1301.0100000000002,3886.13,1517.5099999999995,660.8899999999999,10740.3,213.99,22282.7,16.96561,1.0,26.020200000000003,1.0,29.893307692307694,1.0,21.67871428571428,1.0,26.435599999999994,1.0,10.7403,1.0,15.285,1.0,11.141350000000001,0.08975572978139992,1.0,0.08975572978139992,1.0,0.08975572978139992,0.00031170595513596084,0.031170595513596085
