dieta,custo_total,energia_kcal,proteina_g,carboidrato_g,lipideos_g,score_nutricional,score_por_real,ranking_nutricao,ranking_menor_custo,ranking_custo_beneficio
controle,287.95,33931.22,1301.0100000000002,3886.13,1517.5099999999995,1.0,0.0034728251432540372,1,2,1
vegana,331.0,22072.300000000003,756.68,2784.1200000000003,968.12,1.0,0.0030211480362537764,1,3,2
mcdonalds,121.8,628.4,8.85,104.77,22.32,0.29855039682539686,0.0024511526832955407,4,1,3
cetogenica,414.75,15036.9,638.4399999999999,473.56,1205.3400000000001,1.0,0.0024110910186859553,1,4,4
